ID,Timestamp,Zone,Hour,Weekday,Outdoor Temperature (°F),Expected Occupancy,Expected Energy Consumption (kwh),Actual Energy Consumption (kwh),Wasted?
001,2026-06-14T00:00:00,A-Wing Classrooms,0,6,85.5,0,9.85,9.53,0
002,2026-06-14T00:00:00,B-Wing Bathrooms,0,6,85.5,0,4.55,4.87,0
003,2026-06-14T00:00:00,Cafeteria,0,6,85.5,0,12.15,10.52,0
004,2026-06-14T00:00:00,Gym,0,6,85.5,0,12.85,13.89,0
005,2026-06-14T00:00:00,Auditorium,0,6,85.5,0,8.85,10.38,0
006,2026-06-14T00:00:00,Science Lab,0,6,85.5,0,10.55,11.17,0
007,2026-06-14T00:00:00,Library,0,6,85.5,0,8.15,6.62,0
008,2026-06-14T01:00:00,A-Wing Classrooms,1,6,83.0,0,9.3,8.58,0
009,2026-06-14T01:00:00,B-Wing Bathrooms,1,6,83.0,0,4.0,4.96,0
010,2026-06-14T01:00:00,Cafeteria,1,6,83.0,0,11.6,10.5,0
011,2026-06-14T01:00:00,Gym,1,6,83.0,0,12.3,13.56,0
012,2026-06-14T01:00:00,Auditorium,1,6,83.0,0,8.3,9.32,0
013,2026-06-14T01:00:00,Science Lab,1,6,83.0,0,10.0,10.36,0
014,2026-06-14T01:00:00,Library,1,6,83.0,0,7.6,6.79,0
015,2026-06-14T02:00:00,A-Wing Classrooms,2,6,84.1,0,9.54,8.99,0
016,2026-06-14T02:00:00,B-Wing Bathrooms,2,6,84.1,0,4.24,3.49,0
017,2026-06-14T02:00:00,Cafeteria,2,6,84.1,0,11.84,13.25,0
018,2026-06-14T02:00:00,Gym,2,6,84.1,0,12.54,12.04,0
019,2026-06-14T02:00:00,Auditorium,2,6,84.1,0,8.54,7.92,0
020,2026-06-14T02:00:00,Science Lab,2,6,84.1,0,10.24,10.61,0
021,2026-06-14T02:00:00,Library,2,6,84.1,0,7.84,7.7,0
022,2026-06-14T03:00:00,A-Wing Classrooms,3,6,87.8,0,10.35,12.19,0
023,2026-06-14T03:00:00,B-Wing Bathrooms,3,6,87.8,0,5.05,3.86,0
024,2026-06-14T03:00:00,Cafeteria,3,6,87.8,0,12.65,13.16,0
025,2026-06-14T03:00:00,Gym,3,6,87.8,0,13.35,12.56,0
026,2026-06-14T03:00:00,Auditorium,3,6,87.8,0,9.35,9.29,0
027,2026-06-14T03:00:00,Science Lab,3,6,87.8,0,11.05,11.03,0
028,2026-06-14T03:00:00,Library,3,6,87.8,0,8.65,8.6,0
029,2026-06-15T04:00:00,A-Wing Classrooms,4,6,77.1,0,8.2,7.89,0
030,2026-06-15T04:00:00,B-Wing Bathrooms,4,6,77.1,0,2.9,2.7,0
031,2026-06-15T04:00:00,Cafeteria,4,6,77.1,0,10.5,10.73,0
032,2026-06-15T04:00:00,Gym,4,6,77.1,0,11.2,10.59,0
033,2026-06-15T04:00:00,Auditorium,4,6,77.1,0,7.2,8.63,0
034,2026-06-15T04:00:00,Science Lab,4,6,77.1,0,8.9,8.6,0
035,2026-06-15T04:00:00,Library,4,6,77.1,0,6.5,7.26,0
036,2026-06-15T05:00:00,A-Wing Classrooms,5,6,82.7,0,9.24,9.64,0
037,2026-06-15T05:00:00,B-Wing Bathrooms,5,6,82.7,0,3.94,3.18,0
038,2026-06-15T05:00:00,Cafeteria,5,6,82.7,0,11.54,9.99,0
039,2026-06-15T05:00:00,Gym,5,6,82.7,0,12.24,12.22,0
040,2026-06-15T05:00:00,Auditorium,5,6,82.7,0,8.24,8.23,0
041,2026-06-15T05:00:00,Science Lab,5,6,82.7,0,9.94,8.91,0
042,2026-06-15T05:00:00,Library,5,6,82.7,0,7.54,6.98,0
043,2026-06-15T06:00:00,A-Wing Classrooms,6,6,80.7,0,8.8,8.99,0
044,2026-06-15T06:00:00,B-Wing Bathrooms,6,6,80.7,0,3.5,3.64,0
045,2026-06-15T06:00:00,Cafeteria,6,6,80.7,0,11.1,10.63,0
046,2026-06-15T06:00:00,Gym,6,6,80.7,0,11.8,11.31,0
047,2026-06-15T06:00:00,Auditorium,6,6,80.7,0,7.8,7.26,0
048,2026-06-15T06:00:00,Science Lab,6,6,80.7,0,9.5,9.23,0
049,2026-06-15T06:00:00,Library,6,6,80.7,0,7.1,6.59,0
050,2026-06-15T07:00:00,A-Wing Classrooms,7,6,86.3,0,10.02,10.11,0
051,2026-06-15T07:00:00,B-Wing Bathrooms,7,6,86.3,0,4.72,5.46,0
052,2026-06-15T07:00:00,Cafeteria,7,6,86.3,0,12.32,12.68,0
053,2026-06-15T07:00:00,Gym,7,6,86.3,0,13.02,12.71,0
054,2026-06-15T07:00:00,Auditorium,7,6,86.3,0,9.02,8.14,0
055,2026-06-15T07:00:00,Science Lab,7,6,86.3,0,10.72,12.05,0
056,2026-06-15T07:00:00,Library,7,6,86.3,0,8.32,8.37,0
057,2026-06-16T08:00:00,A-Wing Classrooms,8,6,86.6,0,10.09,10.62,0
058,2026-06-16T08:00:00,B-Wing Bathrooms,8,6,86.6,0,4.79,4.54,0
059,2026-06-16T08:00:00,Cafeteria,8,6,86.6,0,12.39,12.36,0
060,2026-06-16T08:00:00,Gym,8,6,86.6,0,13.09,11.71,0
061,2026-06-16T08:00:00,Auditorium,8,6,86.6,0,9.09,9.48,0
062,2026-06-16T08:00:00,Science Lab,8,6,86.6,0,10.79,9.18,0
063,2026-06-16T08:00:00,Library,8,6,86.6,0,8.39,7.29,0
064,2026-06-16T09:00:00,A-Wing Classrooms,9,6,78.5,0,8.3,7.47,0
065,2026-06-16T09:00:00,B-Wing Bathrooms,9,6,78.5,0,3.0,1.37,0
066,2026-06-16T09:00:00,Cafeteria,9,6,78.5,0,10.6,10.1,0
067,2026-06-16T09:00:00,Gym,9,6,78.5,0,11.3,11.27,0
068,2026-06-16T09:00:00,Auditorium,9,6,78.5,0,7.3,7.9,0
069,2026-06-16T09:00:00,Science Lab,9,6,78.5,0,9.0,7.89,0
070,2026-06-16T09:00:00,Library,9,6,78.5,0,6.6,6.45,0
071,2026-06-16T10:00:00,A-Wing Classrooms,10,6,86.2,0,10.01,10.31,0
072,2026-06-16T10:00:00,B-Wing Bathrooms,10,6,86.2,0,4.71,4.28,0
073,2026-06-16T10:00:00,Cafeteria,10,6,86.2,0,12.31,12.2,0
074,2026-06-16T10:00:00,Gym,10,6,86.2,0,13.01,12.93,0
075,2026-06-16T10:00:00,Auditorium,10,6,86.2,0,9.01,8.72,0
076,2026-06-16T10:00:00,Science Lab,10,6,86.2,0,10.71,10.24,0
077,2026-06-16T10:00:00,Library,10,6,86.2,0,8.31,8.58,0
078,2026-06-16T11:00:00,A-Wing Classrooms,11,6,87.7,0,10.33,9.73,0
079,2026-06-16T11:00:00,B-Wing Bathrooms,11,6,87.7,0,5.03,5.11,0
080,2026-06-16T11:00:00,Cafeteria,11,6,87.7,0,12.63,19.49,1
081,2026-06-16T11:00:00,Gym,11,6,87.7,0,13.33,14.51,0
082,2026-06-16T11:00:00,Auditorium,11,6,87.7,0,9.33,8.37,0
083,2026-06-16T11:00:00,Science Lab,11,6,87.7,0,11.03,11.56,0
084,2026-06-16T11:00:00,Library,11,6,87.7,0,8.63,7.01,0
085,2026-06-17T12:00:00,A-Wing Classrooms,12,6,82.6,0,9.22,10.13,0
086,2026-06-17T12:00:00,B-Wing Bathrooms,12,6,82.6,0,3.92,4.3,0
087,2026-06-17T12:00:00,Cafeteria,12,6,82.6,0,11.52,10.3,0
088,2026-06-17T12:00:00,Gym,12,6,82.6,0,12.22,13.2,0
089,2026-06-17T12:00:00,Auditorium,12,6,82.6,0,8.22,8.1,0
090,2026-06-17T12:00:00,Science Lab,12,6,82.6,0,9.92,9.75,0
091,2026-06-17T12:00:00,Library,12,6,82.6,0,7.52,7.24,0
092,2026-06-17T13:00:00,A-Wing Classrooms,13,6,85.0,0,9.74,9.36,0
093,2026-06-17T13:00:00,B-Wing Bathrooms,13,6,85.0,0,4.44,3.74,0
094,2026-06-17T13:00:00,Cafeteria,13,6,85.0,0,12.04,12.24,0
095,2026-06-17T13:00:00,Gym,13,6,85.0,0,12.74,13.54,0
096,2026-06-17T13:00:00,Auditorium,13,6,85.0,0,8.74,8.49,0
097,2026-06-17T13:00:00,Science Lab,13,6,85.0,0,10.44,10.44,0
098,2026-06-17T13:00:00,Library,13,6,85.0,0,8.04,7.78,0
099,2026-06-17T14:00:00,A-Wing Classrooms,14,6,83.5,0,9.42,9.72,0
100,2026-06-17T14:00:00,B-Wing Bathrooms,14,6,83.5,0,4.12,4.71,0
101,2026-06-17T14:00:00,Cafeteria,14,6,83.5,0,11.72,11.84,0
102,2026-06-17T14:00:00,Gym,14,6,83.5,0,12.42,12.49,0
103,2026-06-17T14:00:00,Auditorium,14,6,83.5,0,8.42,9.32,0
104,2026-06-17T14:00:00,Science Lab,14,6,83.5,0,10.12,9.52,0
105,2026-06-17T14:00:00,Library,14,6,83.5,0,7.72,7.85,0
106,2026-06-17T15:00:00,A-Wing Classrooms,15,6,75.2,0,8.2,6.93,0
107,2026-06-17T15:00:00,B-Wing Bathrooms,15,6,75.2,0,2.9,3.26,0
108,2026-06-17T15:00:00,Cafeteria,15,6,75.2,0,10.5,11.09,0
109,2026-06-17T15:00:00,Gym,15,6,75.2,0,11.2,9.65,0
110,2026-06-17T15:00:00,Auditorium,15,6,75.2,0,7.2,6.4,0
111,2026-06-17T15:00:00,Science Lab,15,6,75.2,0,8.9,9.24,0
112,2026-06-17T15:00:00,Library,15,6,75.2,0,6.5,7.52,0
113,2026-06-18T16:00:00,A-Wing Classrooms,16,6,83.6,0,9.43,10.66,0
114,2026-06-18T16:00:00,B-Wing Bathrooms,16,6,83.6,0,4.13,4.62,0
115,2026-06-18T16:00:00,Cafeteria,16,6,83.6,0,11.73,10.39,0
116,2026-06-18T16:00:00,Gym,16,6,83.6,0,12.43,11.28,0
117,2026-06-18T16:00:00,Auditorium,16,6,83.6,0,8.43,8.19,0
118,2026-06-18T16:00:00,Science Lab,16,6,83.6,0,10.13,10.96,0
119,2026-06-18T16:00:00,Library,16,6,83.6,0,7.73,7.79,0
120,2026-06-18T17:00:00,A-Wing Classrooms,17,6,79.8,0,8.6,8.91,0
121,2026-06-18T17:00:00,B-Wing Bathrooms,17,6,79.8,0,3.3,3.59,0
122,2026-06-18T17:00:00,Cafeteria,17,6,79.8,0,10.9,11.31,0
123,2026-06-18T17:00:00,Gym,17,6,79.8,0,11.6,10.26,0
124,2026-06-18T17:00:00,Auditorium,17,6,79.8,0,7.6,6.41,0
125,2026-06-18T17:00:00,Science Lab,17,6,79.8,0,9.3,9.8,0
126,2026-06-18T17:00:00,Library,17,6,79.8,0,6.9,5.95,0
127,2026-06-18T18:00:00,A-Wing Classrooms,18,6,83.6,0,9.43,11.29,0
128,2026-06-18T18:00:00,B-Wing Bathrooms,18,6,83.6,0,4.13,4.13,0
129,2026-06-18T18:00:00,Cafeteria,18,6,83.6,0,11.73,10.69,0
130,2026-06-18T18:00:00,Gym,18,6,83.6,0,12.43,11.72,0
131,2026-06-18T18:00:00,Auditorium,18,6,83.6,0,8.43,8.45,0
132,2026-06-18T18:00:00,Science Lab,18,6,83.6,0,10.13,10.09,0
133,2026-06-18T18:00:00,Library,18,6,83.6,0,7.73,8.37,0
134,2026-06-18T19:00:00,A-Wing Classrooms,19,6,87.0,0,10.18,9.49,0
135,2026-06-18T19:00:00,B-Wing Bathrooms,19,6,87.0,0,4.88,4.93,0
136,2026-06-18T19:00:00,Cafeteria,19,6,87.0,0,12.48,13.3,0
137,2026-06-18T19:00:00,Gym,19,6,87.0,0,13.18,11.94,0
138,2026-06-18T19:00:00,Auditorium,19,6,87.0,0,9.18,9.37,0
139,2026-06-18T19:00:00,Science Lab,19,6,87.0,0,10.88,10.66,0
140,2026-06-18T19:00:00,Library,19,6,87.0,0,8.48,9.27,0
141,2026-06-19T20:00:00,A-Wing Classrooms,20,6,81.3,0,8.93,8.27,0
142,2026-06-19T20:00:00,B-Wing Bathrooms,20,6,81.3,0,3.63,4.64,0
143,2026-06-19T20:00:00,Cafeteria,20,6,81.3,0,11.23,11.21,0
144,2026-06-19T20:00:00,Gym,20,6,81.3,0,11.93,11.73,0
145,2026-06-19T20:00:00,Auditorium,20,6,81.3,0,7.93,8.48,0
146,2026-06-19T20:00:00,Science Lab,20,6,81.3,0,9.63,9.54,0
147,2026-06-19T20:00:00,Library,20,6,81.3,0,7.23,5.27,0
148,2026-06-19T21:00:00,A-Wing Classrooms,21,6,85.7,0,9.88,11.11,0
149,2026-06-19T21:00:00,B-Wing Bathrooms,21,6,85.7,0,4.58,4.65,0
150,2026-06-19T21:00:00,Cafeteria,21,6,85.7,0,12.18,11.11,0
151,2026-06-19T21:00:00,Gym,21,6,85.7,0,12.88,12.45,0
152,2026-06-19T21:00:00,Auditorium,21,6,85.7,0,8.88,9.41,0
153,2026-06-19T21:00:00,Science Lab,21,6,85.7,0,10.58,11.21,0
154,2026-06-19T21:00:00,Library,21,6,85.7,0,8.18,8.41,0
155,2026-06-19T22:00:00,A-Wing Classrooms,22,6,79.0,0,8.41,7.4,0
156,2026-06-19T22:00:00,B-Wing Bathrooms,22,6,79.0,0,3.11,2.92,0
157,2026-06-19T22:00:00,Cafeteria,22,6,79.0,0,10.71,11.61,0
158,2026-06-19T22:00:00,Gym,22,6,79.0,0,11.41,11.67,0
159,2026-06-19T22:00:00,Auditorium,22,6,79.0,0,7.41,7.11,0
160,2026-06-19T22:00:00,Science Lab,22,6,79.0,0,9.11,8.94,0
161,2026-06-19T22:00:00,Library,22,6,79.0,0,6.71,6.29,0
162,2026-06-19T23:00:00,A-Wing Classrooms,23,6,84.9,0,9.72,9.61,0
163,2026-06-19T23:00:00,B-Wing Bathrooms,23,6,84.9,0,4.42,3.49,0
164,2026-06-19T23:00:00,Cafeteria,23,6,84.9,0,12.02,12.56,0
165,2026-06-19T23:00:00,Gym,23,6,84.9,0,12.72,13.28,0
166,2026-06-19T23:00:00,Auditorium,23,6,84.9,0,8.72,8.35,0
167,2026-06-19T23:00:00,Science Lab,23,6,84.9,0,10.42,12.31,0
168,2026-06-19T23:00:00,Library,23,6,84.9,0,8.02,8.77,0
169,2026-06-14T00:00:00,A-Wing Classrooms,0,0,83.9,0,9.49,8.37,0
170,2026-06-14T00:00:00,B-Wing Bathrooms,0,0,83.9,0,4.19,4.25,0
171,2026-06-14T00:00:00,Cafeteria,0,0,83.9,0,11.79,12.8,0
172,2026-06-14T00:00:00,Gym,0,0,83.9,0,12.49,12.15,0
173,2026-06-14T00:00:00,Auditorium,0,0,83.9,0,8.49,7.65,0
174,2026-06-14T00:00:00,Science Lab,0,0,83.9,0,10.19,9.87,0
175,2026-06-14T00:00:00,Library,0,0,83.9,0,7.79,9.34,0
176,2026-06-14T01:00:00,A-Wing Classrooms,1,0,83.7,0,9.46,10.09,0
177,2026-06-14T01:00:00,B-Wing Bathrooms,1,0,83.7,0,4.16,4.34,0
178,2026-06-14T01:00:00,Cafeteria,1,0,83.7,0,11.76,11.26,0
179,2026-06-14T01:00:00,Gym,1,0,83.7,0,12.46,12.83,0
180,2026-06-14T01:00:00,Auditorium,1,0,83.7,0,8.46,8.97,0
181,2026-06-14T01:00:00,Science Lab,1,0,83.7,0,10.16,10.45,0
182,2026-06-14T01:00:00,Library,1,0,83.7,0,7.76,6.72,0
183,2026-06-14T02:00:00,A-Wing Classrooms,2,0,87.2,0,10.22,9.81,0
184,2026-06-14T02:00:00,B-Wing Bathrooms,2,0,87.2,0,4.92,4.4,0
185,2026-06-14T02:00:00,Cafeteria,2,0,87.2,0,12.52,12.89,0
186,2026-06-14T02:00:00,Gym,2,0,87.2,0,13.22,11.85,0
187,2026-06-14T02:00:00,Auditorium,2,0,87.2,0,9.22,8.25,0
188,2026-06-14T02:00:00,Science Lab,2,0,87.2,0,10.92,11.49,0
189,2026-06-14T02:00:00,Library,2,0,87.2,0,8.52,8.62,0
190,2026-06-14T03:00:00,A-Wing Classrooms,3,0,86.8,0,10.14,9.32,0
191,2026-06-14T03:00:00,B-Wing Bathrooms,3,0,86.8,0,4.84,5.29,0
192,2026-06-14T03:00:00,Cafeteria,3,0,86.8,0,12.44,11.49,0
193,2026-06-14T03:00:00,Gym,3,0,86.8,0,13.14,12.28,0
194,2026-06-14T03:00:00,Auditorium,3,0,86.8,0,9.14,9.04,0
195,2026-06-14T03:00:00,Science Lab,3,0,86.8,0,10.84,9.49,0
196,2026-06-14T03:00:00,Library,3,0,86.8,0,8.44,9.01,0
197,2026-06-15T04:00:00,A-Wing Classrooms,4,0,79.4,0,8.5,8.66,0
198,2026-06-15T04:00:00,B-Wing Bathrooms,4,0,79.4,0,3.2,3.64,0
199,2026-06-15T04:00:00,Cafeteria,4,0,79.4,0,10.8,11.5,0
200,2026-06-15T04:00:00,Gym,4,0,79.4,0,11.5,10.41,0
201,2026-06-20T19:00:00,Auditorium,19,5,88.2,1,14.20,148.60,1
